index,year,y_true,oof_pred
736,2016,4.0065103,3.6226363693887764
737,2016,5.917318,6.818738427692172
738,2016,4.7552085,9.290115086192108
739,2016,0.003906252,0.4674923564490447
740,2016,0.024739584,0.11373297494291275
741,2016,0.010416669,0.0651197621935454
742,2016,0.050130207,0.2368186742959076
743,2016,0.29427084,0.6323418550346055
744,2016,0.80078125,1.457210850061819
745,2016,0.36393228,0.2701284098065177
746,2016,0.58203125,0.447426735974462
747,2016,1.156901,0.8680316344186518
748,2016,0.3294271,0.7322619952425086
749,2016,1.1575521,3.415338578416159
750,2016,3.4394531,2.461382617035176
751,2016,0.5260417,1.5919882286158853
752,2016,0.24088542,1.7880759232635994
753,2016,0.00325521,-0.014549319875156666
754,2016,0.15885417,0.39675338763779555
755,2016,0.99153644,1.5064696393748123
756,2016,2.2708333,2.163803557540292
757,2016,0.79557294,1.7592591452353685
758,2016,1.76e-09,0.14706306392162788
759,2016,0.095052086,0.5657339126898059
760,2016,0.36979166,0.8695261839867758
761,2016,0.08658854,0.2101906273326727
762,2016,0.19140625,0.620511529581725
763,2016,0.049479168,0.18071609376209527
764,2016,0.119791664,0.2699865943521204
765,2016,0.81640625,1.306188716242564
766,2016,2.2519531,3.5604522062580766
767,2016,2.6555989,2.092636477829834
768,2016,4.4433594,5.276293905126671
769,2016,6.095703,8.244187511594685
770,2016,0.81966144,0.8307196337994571
771,2016,0.08984375,0.45982287348102135
772,2016,0.4674479,0.6433615592321448
773,2016,1.7278646,2.223666598587723
774,2016,1.2617188,0.7832046133025266
775,2016,1.1490885,0.8834826527263666
776,2016,2.7311199,1.3528564015703963
777,2016,4.2063804,3.1231058532057774
778,2016,7.5403647,8.065539629018545
779,2016,10.3359375,11.260825235855915
780,2016,6.363932,8.037081304902873
781,2016,0.7076823,0.71130186643528
782,2016,4.000651,1.5035228123905062
783,2016,6.9700522,6.994854588245476
784,2016,8.9869795,9.305368347644558
785,2016,11.680339,12.64588643058372
786,2016,15.763672,14.15876833451392
787,2016,19.122396,16.305948445815115
788,2016,15.546875,15.667752971938233
789,2016,16.980469,17.746130320878642
790,2016,22.0,19.73092451052789
791,2016,18.06901,15.349705666194188
792,2016,17.652344,15.539324613603178
793,2016,16.285156,12.78446789936936
794,2016,8.972005,6.626501647360029
795,2016,1.9485677,2.862096702310813
796,2016,0.80533856,1.7144848020782038
797,2016,0.63411456,1.5912285034729896
798,2016,1.2304688,2.1851767072491626
799,2016,2.5227864,2.971980148222911
800,2016,4.814453,4.973799141341282
801,2016,6.189453,5.714947974691954
802,2016,0.9348958,2.745837962958844
803,2016,2.1471355,3.7324697120626227
804,2016,3.1334636,3.7484038932213593
805,2016,6.0410156,5.824180255601285
806,2016,10.837239,12.089115300641486
807,2016,6.2220054,9.333715350368617
808,2016,10.869792,12.389252434185707
809,2016,13.686198,16.21017874386089
810,2016,14.5807295,15.7844894857529
811,2016,15.430989,17.656517584357672
812,2016,23.376303,28.07991455331134
813,2016,24.60612,31.012799043656834
814,2016,16.033854,15.279675962822218
815,2016,5.1015625,11.961507939132773
816,2016,7.432943,12.778307279403515
817,2016,5.6875,4.50539896835432
818,2016,12.690755,13.339246532045182
819,2016,19.477213,19.841850063653908
820,2016,22.970053,21.108771861240356
821,2016,22.510416,21.263784740260995
822,2016,24.254557,21.84639154592516
823,2016,24.811197,20.922591635882412
824,2016,25.544922,20.86407475474131
825,2016,28.1569,23.72627015276063
826,2016,22.391275,18.808431079376582
827,2016,22.536459,21.338531517611884
828,2016,31.752604,25.64028592480956
829,2016,34.43099,32.072305972543326
830,2016,25.323568,24.290497680721295
831,2016,14.104167,15.390180757054782
832,2016,21.417318,24.501606360812964
833,2016,27.58138,24.70854865833733
834,2016,24.820963,22.18317857966072
835,2016,17.1875,21.30351096348117
836,2016,26.702475,25.887193416855364
837,2016,30.513021,27.96564514145404
838,2016,31.386719,25.816018540347255
839,2016,36.78255,28.962163880749525
840,2016,8.761719,16.638383964321914
841,2016,2.329427,2.1124698222208775
842,2016,11.134766,7.346491046199915
843,2016,16.398438,12.43309228845202
844,2016,20.5625,17.829988491911585
845,2016,23.5944,20.53476927346159
846,2016,24.745443,21.89313407054636
847,2016,23.921225,23.480847876434364
848,2016,21.889975,20.934086756450345
849,2016,23.320312,21.060272546287713
850,2016,21.436197,17.923045863678123
851,2016,23.017578,19.21453642544923
852,2016,14.929036,12.024499026435796
853,2016,0.24023438,0.8698422035052623
854,2016,0.3515625,1.2673182336337747
855,2016,0.8626302,1.1716718803845678
856,2016,2.9368489,3.2078193149324354
857,2016,4.2877603,3.013592144704365
858,2016,3.6035156,2.062235341650748
859,2016,2.375,2.9907535148640023
860,2016,8.465495,8.65277275526626
861,2016,13.568359,12.411336765143679
862,2016,13.98112,12.883978506395334
863,2016,16.975912,14.12349799061736
864,2016,18.128256,16.54002684559077
865,2016,20.125,18.158219456373967
866,2016,22.067057,21.18112315581162
867,2016,23.06901,20.22772102811072
868,2016,22.184896,19.224513604684073
869,2016,24.630209,19.390720835890278
870,2016,23.217447,18.334158089930888
871,2016,20.486328,16.0555108209002
872,2016,21.682943,17.51948937234108
873,2016,25.184896,17.534726407820205
874,2016,19.057943,18.231961022192543
875,2016,23.578125,19.379330665398925
876,2016,27.22461,27.896299299843495
877,2016,33.179688,25.7681915411642
878,2016,33.851562,26.438716447111677
879,2016,0.007812501,-0.44199271211253105
880,2016,0.118489586,-0.21622519267865567
881,2016,0.00716146,-0.06585142942663569
882,2016,0.08919271,0.2213666035529916
883,2016,0.5514323,0.9260601528665129
884,2016,2.0598958,3.1298322766842555
885,2016,4.701172,4.20531994895814
886,2016,1.2792969,4.224996853658988
887,2016,1.2753906,3.588981250382103
888,2016,3.1054688,4.212632230084664
889,2016,6.4479165,9.953434740110058
890,2016,8.033203,10.025698039452204
891,2016,8.938151,9.965233400052144
892,2016,9.447266,8.547450192198472
893,2016,7.673828,6.917226172804617
894,2016,2.2291667,3.4746671602925945
895,2016,3.4746094,4.262617588293202
896,2016,11.047526,9.964273503720564
897,2016,0.8300781,2.4726501691085336
898,2016,2.2441406,3.930291572397493
899,2016,5.1523438,5.5957493085645895
900,2016,9.335286,10.928367677545907
901,2016,0.7128906,3.551674478816113
902,2016,0.86002606,3.6610498274052965
903,2016,0.77473956,3.3395351969204814
904,2016,2.3235676,3.8975756397679326
905,2016,1.5110677,1.5602905979651691
906,2016,2.4869792,2.916711036489059
907,2016,3.5410156,3.961835951577984
908,2016,5.4010415,4.8990133750887095
909,2016,6.8652344,5.80988769483394
910,2016,8.220052,7.57215323479715
911,2016,5.421875,5.151127315836119
912,2016,2.0416667,1.7190696832180106
913,2016,2.2805989,2.996948863337733
914,2016,2.7610676,3.532006545721766
915,2016,1.5071615,4.669815661492386
916,2016,2.0351562,4.305608340563346
917,2016,2.5436199,4.355788025536035
918,2016,0.58723956,1.8122482891369094
919,2016,0.000651044,0.3895009119913574
920,2017,6.8352866,2.507280433776035
921,2017,6.0416665,3.873786505994815
922,2017,5.3365884,4.838794446318217
923,2017,7.7102866,8.581902053073893
924,2017,8.917317,10.684870504846106
925,2017,4.5273438,6.46561258156139
926,2017,0.13932292,0.4879911162525837
927,2017,0.97591144,1.2211130576443576
928,2017,0.41601562,1.252441017929622
929,2017,0.008463543,0.3113888296518312
930,2017,0.13867188,0.8444935306488791
931,2017,0.99609375,2.1865999948801393
932,2017,5.9934897,6.470856846766035
933,2017,6.823568,7.61527154122881
934,2017,0.064453125,0.5540203401633824
935,2017,0.008463543,1.2093574194639216
936,2017,0.45247397,2.358716532883111
937,2017,1.5761719,4.672442833203268
938,2017,2.1067708,2.7937485958003605
939,2017,1.8424479,3.7191178581246063
940,2017,0.045572918,0.38192758253978765
941,2017,0.033203125,0.286248521796053
942,2017,0.049479168,0.39188610591513695
943,2017,0.27799478,1.4733025128631407
944,2017,1.1549479,3.1122725243778624
945,2017,2.407552,3.380199345387397
946,2017,1.4902344,2.024529901612111
947,2017,0.91471356,0.6012383066102795
948,2017,1.6757812,1.2320829415112389
949,2017,0.6328125,0.6806869253883775
950,2017,0.99609375,0.8302073718523849
951,2017,1.0761719,1.3553222123128035
952,2017,1.0371094,1.4108878279119803
953,2017,1.4700521,2.325155251808015
954,2017,3.2272136,4.294039884333013
955,2017,2.3684895,2.137451770470968
956,2017,0.098958336,1.4072722314956312
957,2017,0.5423177,2.596336749645122
958,2017,2.8007812,6.632338272169542
959,2017,0.8873698,1.5367944655931816
960,2017,0.20052083,0.8496499263889938
961,2017,0.092447914,1.3962717482882825
962,2017,0.4466146,1.7440027353714296
963,2017,1.3880209,2.7119991690587097
964,2017,3.436198,6.547901397586273
965,2017,4.094401,4.555058792497693
966,2017,3.3912761,5.4226852253813185
967,2017,5.3346353,4.917845950395369
968,2017,2.7076824,3.9736668002014905
969,2017,0.38867188,0.5091476798746974
970,2017,0.083984375,0.346233843599122
971,2017,0.70247394,1.2157022780172915
972,2017,1.4824219,0.9496926082239182
973,2017,2.8554688,1.8464183259894948
974,2017,9.227214,7.087502675863312
975,2017,7.2916665,6.462246235269873
976,2017,7.4134116,8.015754291122482
977,2017,7.671875,8.896092377039825
978,2017,8.557292,8.679091685289114
979,2017,11.4557295,9.115598223363923
980,2017,15.745442,11.657506805777713
981,2017,13.3984375,14.45305448045974
982,2017,15.995442,15.076547589149556
983,2017,15.492839,16.804429069080875
984,2017,3.2285156,8.776354623061028
985,2017,1.3151041,4.9351279605195835
986,2017,5.0833335,7.443330402678339
987,2017,9.1640625,12.012769991406472
988,2017,9.141927,9.06974609254223
989,2017,13.2734375,15.360085693137886
990,2017,15.055989,15.202661396108356
991,2017,14.822917,15.338717861063703
992,2017,14.785156,15.42544660116163
993,2017,16.921225,19.428655674364943
994,2017,20.485025,21.365725588922377
995,2017,14.832683,14.333025089555552
996,2017,15.160156,16.08325390491677
997,2017,11.9140625,18.536235716794735
998,2017,15.790364,18.33803070349495
999,2017,0.83658856,5.820692118525713
1000,2017,2.766927,8.535168845571823
1001,2017,8.3567705,12.275845771017512
1002,2017,11.673177,11.448148989331584
1003,2017,14.945964,16.581845314400024
1004,2017,20.658203,19.389781842046443
1005,2017,20.847656,21.689086939698957
1006,2017,25.497396,23.145401201505756
1007,2017,25.300781,27.04422318487256
1008,2017,6.4459634,25.435313502345686
1009,2017,9.5286455,19.671023102067505
1010,2017,14.860677,24.812699182027654
1011,2017,21.84961,25.302109486530437
1012,2017,24.497396,25.79015390704989
1013,2017,23.877604,25.862658437887873
1014,2017,26.415365,31.162768025201114
1015,2017,26.957031,31.719664356999292
1016,2017,19.914713,12.36734460822551
1017,2017,20.230469,25.076577195701944
1018,2017,20.157553,22.763371272926047
1019,2017,23.182943,24.811939554184836
1020,2017,27.55664,29.677494025751386
1021,2017,27.873047,29.670750059076408
1022,2017,27.011719,27.73942036736143
1023,2017,18.704428,28.37477299500397
1024,2017,23.915365,31.991493026233492
1025,2017,29.477213,32.587741350339975
1026,2017,16.526693,26.79753186664352
1027,2017,14.8411455,26.298646964627252
1028,2017,14.40625,21.137572689099187
1029,2017,13.014323,19.535946037379748
1030,2017,8.756511,19.56108260965169
1031,2017,15.718099,19.957947060288866
1032,2017,9.182942,19.653512175995203
1033,2017,3.7460938,9.387443393010418
1034,2017,0.734375,5.46621141610716
1035,2017,4.1783853,9.156788478135168
1036,2017,12.0494795,10.938164835631639
1037,2017,15.467448,12.832482407160908
1038,2017,18.059244,15.537645091045766
1039,2017,18.353516,16.817262451402854
1040,2017,19.973959,19.90962839286855
1041,2017,6.968099,2.0887295240124013
1042,2017,7.185547,7.393055502254325
1043,2017,13.751302,12.575230410305801
1044,2017,21.090494,18.770805214955786
1045,2017,26.944662,24.84252778372833
1046,2017,30.296225,22.95558769822868
1047,2017,8.478516,13.260877440381421
1048,2017,0.009765627,0.6478201171417008
1049,2017,0.3125,4.136057645436827
1050,2017,3.5110676,10.566867806740163
1051,2017,9.932292,15.543946682393027
1052,2017,14.250651,18.5993420468656
1053,2017,16.432291,22.333265206130417
1054,2017,23.615234,27.89858827424915
1055,2017,22.37435,25.615332286535352
1056,2017,20.785807,26.07064643832083
1057,2017,18.835938,28.03058703659739
1058,2017,21.273438,29.671432914640004
1059,2017,20.786459,30.884846566249724
1060,2017,21.929037,29.483865729325405
1061,2017,21.307291,28.698557048598417
1062,2017,30.398438,31.712600818648
1063,2017,35.85742,33.15115250167735
1064,2017,1.3053385,10.261827225059285
1065,2017,2.8378906,14.462126529428595
1066,2017,7.5084634,16.171729284010702
1067,2017,13.973958,19.33516752076496
1068,2017,16.216797,19.7280685085514
1069,2017,6.4765625,19.41087773998657
1070,2017,1.8860677,2.473046937973001
1071,2017,5.3496094,4.06250258823177
1072,2017,10.555989,4.949270317914767
1073,2017,0.2311198,0.8659266449660235
1074,2017,0.140625,-0.01765629985011898
1075,2017,0.7786458,0.46010450099987377
1076,2017,2.7167969,2.5612416253076202
1077,2017,5.2890625,3.5983107040284965
1078,2017,9.082683,6.95771990682514
1079,2017,11.509114,9.492703585875132
1080,2017,8.619141,10.365580815344773
1081,2017,0.1529948,1.415607641700718
1082,2017,0.84309894,2.400513408534603
1083,2017,2.0065105,3.538267534834438
1084,2017,4.1061196,4.018443361294878
1085,2017,7.4583335,5.585894731391117
1086,2017,3.4414062,3.3181045843534998
1087,2017,0.66796875,1.4914395965062262
1088,2017,0.9785156,3.1642172939461553
1089,2017,0.54296875,2.1644084274509106
1090,2017,2.2877605,4.854782020510097
1091,2017,6.095703,6.697275362828418
1092,2017,8.670573,7.017183173071492
1093,2017,9.938802,7.015890186257668
1094,2017,14.807292,9.00542060889291
1095,2017,9.4817705,7.590323412867975
1096,2017,15.948567,10.373753942158693
1097,2017,7.6132812,4.609396598322138
1098,2017,0.119140625,1.1988363682395562
1099,2017,0.16015625,2.1055594091918173
1100,2017,1.094401,4.255440456291792
1101,2017,0.002604169,0.13938620179924124
1102,2017,0.013671876,-0.04249660168249726
1103,2017,0.012369793,-0.04908033785601608
1104,2018,12.421224,8.438730415376398
1105,2018,12.507161,10.09054898309536
1106,2018,12.107422,12.130543151856799
1107,2018,11.348308,9.607765247044634
1108,2018,11.9244795,11.557942516416228
1109,2018,3.735677,1.3011119863670089
1110,2018,0.028645834,-0.29006857382268797
1111,2018,0.41145834,0.2359173425904151
1112,2018,0.005208334,0.08643744510128258
1113,2018,0.02213542,0.13943631851945856
1114,2018,0.018229168,0.23926592546795053
1115,2018,0.065104164,0.33794953055967375
1116,2018,0.37044272,-0.01246518192038316
1117,2018,1.171875,2.96342731877735
1118,2018,5.0527344,4.1239228008880255
1119,2018,8.48112,8.110626060302842
1120,2018,10.707683,7.89417364999119
1121,2018,3.5279949,1.7204045758780788
1122,2018,2.9954426,4.864793360703734
1123,2018,3.9479167,1.0142814440717145
1124,2018,2.391927,0.2794584927910985
1125,2018,2.7519531,1.7677762836356194
1126,2018,2.889323,2.2701280765011185
1127,2018,5.1171875,5.943092854775578
1128,2018,3.9036458,1.6086095389482058
1129,2018,5.1009116,1.1029429531673394
1130,2018,1.1197916,1.0763815161070793
1131,2018,1.6269531,0.9573569022473885
1132,2018,1.1992188,0.5059192357927637
1133,2018,1.9654948,1.3697489642639542
1134,2018,1.0364584,0.5286256539758708
1135,2018,2.3645833,2.589733386503415
1136,2018,4.8561196,6.993765364917998
1137,2018,6.4498696,6.408280774111489
1138,2018,8.977214,8.820118048553757
1139,2018,10.520833,10.40749055521543
1140,2018,7.1302085,6.4932048157246145
1141,2018,9.647786,6.541638290708606
1142,2018,9.259114,8.473056025638122
1143,2018,12.524089,11.143518512780101
1144,2018,18.164062,13.602288173538003
1145,2018,20.34961,15.038093074128462
1146,2018,19.6569,16.793996314792608
1147,2018,18.771484,22.129715703289303
1148,2018,18.455078,22.94464775141501
1149,2018,20.0319,9.442395993433612
1150,2018,22.605469,22.030938655304602
1151,2018,6.6634116,5.504023107486758
1152,2018,1.3847656,0.039036751112036465
1153,2018,1.2786459,1.7333436256458523
1154,2018,2.1412761,1.3404739609993979
1155,2018,5.7460938,6.280946717568216
1156,2018,5.8450522,6.734206686966462
1157,2018,3.2441406,3.791395048902547
1158,2018,0.4205729,0.45341401540520676
1159,2018,1.2304688,0.48125505294016907
1160,2018,3.9101562,2.327349416271076
1161,2018,6.3658853,6.917538217160392
1162,2018,9.1119795,7.8693574645686475
1163,2018,9.016276,8.357598809421592
1164,2018,4.6015625,6.72449130267246
1165,2018,4.5677085,5.179743174103959
1166,2018,5.015625,7.138026243800504
1167,2018,14.324219,10.767592212012202
1168,2018,18.259115,12.371153390848654
1169,2018,20.095053,14.090482783998581
1170,2018,18.78776,16.273814006478734
1171,2018,19.630209,16.85178562802342
1172,2018,17.540365,16.299651570454746
1173,2018,11.835286,11.554194231347171
1174,2018,15.283203,8.988659460268865
1175,2018,16.753906,14.904373210779143
1176,2018,14.649089,2.0635241591849582
1177,2018,18.001953,10.762857934619351
1178,2018,18.771484,13.491771756249278
1179,2018,3.1588542,7.168041698938733
1180,2018,6.6080728,7.2826819118265504
1181,2018,13.507161,14.046917928503003
1182,2018,10.430339,16.438320883509967
1183,2018,4.5904946,14.127338343192411
1184,2018,4.0950522,12.458006828698473
1185,2018,6.3183594,9.490451809079063
1186,2018,11.1328125,9.54252149047842
1187,2018,10.509114,11.869100891650442
1188,2018,9.8984375,14.058218907997878
1189,2018,7.8632812,9.799061371039246
1190,2018,9.457031,12.81646314737333
1191,2018,12.342448,13.109304920900652
1192,2018,9.5442705,4.711610344044824
1193,2018,6.75,5.007890732406715
1194,2018,10.105469,5.97360623161414
1195,2018,13.542317,7.693574464300635
1196,2018,13.421224,8.63166081036047
1197,2018,6.3352866,5.712903979287706
1198,2018,7.450521,6.926973704430164
1199,2018,14.309245,9.435759761629686
1200,2018,20.046225,14.064781299342346
1201,2018,20.893229,19.81321572116986
1202,2018,24.210938,22.755481666036
1203,2018,20.542969,21.903751467402973
1204,2018,10.341797,16.6529506034392
1205,2018,19.96289,18.379975921370804
1206,2018,23.260416,21.69933554394818
1207,2018,22.316406,18.191104869918085
1208,2018,24.602865,23.270266580703545
1209,2018,29.560547,25.554817111861585
1210,2018,30.090494,28.904434659463124
1211,2018,27.10612,32.434442875941926
1212,2018,28.523438,32.56645839671561
1213,2018,27.911459,33.745228839646764
1214,2018,30.522135,30.141789563495475
1215,2018,29.97526,30.50130594107629
1216,2018,29.169271,31.21466874164162
1217,2018,36.641926,34.38654788097402
1218,2018,39.003254,34.860617888481215
1219,2018,38.6237,35.25355962002886
1220,2018,34.25651,35.66392061366271
1221,2018,29.538412,30.886866351433042
1222,2018,27.728516,28.98680668489677
1223,2018,34.159504,31.845785843114193
1224,2018,31.782553,24.792231787020487
1225,2018,29.03776,26.271809637233815
1226,2018,28.8125,30.048342087000474
1227,2018,37.63802,33.09344083453879
1228,2018,39.71745,33.55894663692837
1229,2018,36.364582,31.74110547777087
1230,2018,32.938152,31.378060328362896
1231,2018,30.68099,26.80798869856304
1232,2018,3.4186199,5.230162480845749
1233,2018,2.7278645,5.44767608115427
1234,2018,3.0026042,8.375571790855554
1235,2018,5.814453,9.357760066187126
1236,2018,4.658203,13.40236959522855
1237,2018,4.2115884,8.909705297535254
1238,2018,5.4908853,13.103719551969848
1239,2018,8.332683,13.142452165826434
1240,2018,0.11328125,4.991658385700663
1241,2018,0.39322916,3.3797166893953747
1242,2018,1.4296875,7.234145684296752
1243,2018,1.5058594,4.367720942286015
1244,2018,2.9609375,5.256009237169997
1245,2018,8.059245,11.125822195723762
1246,2018,10.729167,15.548509045440182
1247,2018,11.253906,15.317812095805158
1248,2018,12.402995,16.206324447860506
1249,2018,13.681641,19.560793683414115
1250,2018,18.802734,24.449983025828885
1251,2018,2.5664062,9.906876830553378
1252,2018,0.2890625,4.214804544961267
1253,2018,1.7278646,10.654397889950202
1254,2018,4.547526,12.542597521620301
1255,2018,8.876302,17.887278493775625
1256,2018,10.2369795,13.3493505877155
1257,2018,11.123047,7.0398768576360515
1258,2018,3.2135417,8.825928802412502
1259,2018,3.4960938,10.420653568081697
1260,2018,0.38867188,6.4060400212707815
1261,2018,1.3873698,6.982447949813424
1262,2018,3.7239583,13.618952206907183
1263,2018,7.830729,15.709905396572784
1264,2018,10.316406,15.00478972219171
1265,2018,9.19987,14.364621632551417
1266,2018,7.6770835,13.616508853075654
1267,2018,7.0898438,13.889256991387004
1268,2018,8.904948,13.684122103722679
1269,2018,9.401042,14.460239898510931
1270,2018,9.569011,12.041943275758294
1271,2018,9.3932295,6.969233395212778
1272,2018,10.900391,14.099343989919706
1273,2018,10.813151,15.409379294982502
1274,2018,10.734375,13.024312703292935
1275,2018,11.291016,13.920975250315465
1276,2018,4.207682,6.703789135793956
1277,2018,0.000651043,0.5839825516817765
1278,2018,0.027343752,0.9042849608750867
1279,2018,0.5175781,1.6396558319597518
1280,2018,0.296875,2.257131812991591
1281,2018,1.85e-09,0.06097241790882867
1282,2018,0.039062504,-0.5639630767217847
1283,2018,0.34309897,1.340237326834479
1284,2018,1.1764323,2.0442632223472796
1285,2018,4.0585938,3.5393682725963505
1286,2018,5.8678384,4.390107871543957
1287,2018,7.2571616,4.62205418280538
1288,2019,7.2083335,8.58559442482591
1289,2019,0.75911456,1.7720985040482249
1290,2019,1.0924479,1.5808309444103796
1291,2019,2.6959636,2.995010269825903
1292,2019,7.285807,4.715679156353003
1293,2019,2.0514324,5.693484162539352
1294,2019,1.9902344,4.36146747642574
1295,2019,1.83e-09,-0.09043490970463544
1296,2019,0.016927084,0.10798377643409686
1297,2019,0.26236978,1.0681589757344032
1298,2019,0.13020833,0.6315115366880024
1299,2019,0.2311198,1.2392575780417274
1300,2019,0.9746094,4.522295352739977
1301,2019,3.8854167,7.758135286419633
1302,2019,9.185547,10.214420194859866
1303,2019,7.557943,10.07809287949225
1304,2019,10.707031,10.304825690468256
1305,2019,2.5878906,1.8418381530490695
1306,2019,0.15039062,0.1921975514426945
1307,2019,1.3535156,1.3308955797947073
1308,2019,5.358724,2.6356989885038735
1309,2019,1.2415365,3.1907979656716843
1310,2019,1.3183594,0.2613798789317957
1311,2019,0.037760418,0.36654389979138857
1312,2019,0.17122395,0.5111709622673605
1313,2019,0.9557292,1.220990729321901
1314,2019,2.3704426,4.297450342589915
1315,2019,5.608724,7.3671164926927055
1316,2019,8.457683,11.02795263510655
1317,2019,10.0546875,12.567009946364252
1318,2019,11.134114,14.393231194065127
1319,2019,8.744792,8.835473468596277
1320,2019,7.9811196,8.478354971605228
1321,2019,4.4746094,8.354788853462475
1322,2019,6.4095054,10.896166221570557
1323,2019,2.1920574,9.013530142651849
1324,2019,3.6595051,6.323464086239277
1325,2019,4.4739585,4.382583994049391
1326,2019,7.1679688,7.44488515665407
1327,2019,10.621745,8.138802781873203
1328,2019,11.050781,7.077122091642519
1329,2019,10.953125,4.719375398825677
1330,2019,5.4166665,0.7143234250381386
1331,2019,2.7460938,1.5541170439917131
1332,2019,1.1028646,0.7543638844429477
1333,2019,1.3404948,2.8046844014747223
1334,2019,1.5091146,3.1124874345091174
1335,2019,3.1809895,4.679614856031837
1336,2019,1.485026,5.67924862446215
1337,2019,1.5227865,3.4698222513104473
1338,2019,0.5449219,1.274386486477118
1339,2019,0.02278646,1.3615297174990824
1340,2019,0.61783856,2.1681543259854394
1341,2019,1.8997396,5.049486978650621
1342,2019,3.453125,7.456860207647519
1343,2019,5.9270835,11.411050741809138
1344,2019,8.259766,13.530660998540688
1345,2019,9.141927,14.608728288621323
1346,2019,11.770833,15.480843329119281
1347,2019,4.8971353,7.261640620570508
1348,2019,2.0755208,4.685475410623505
1349,2019,4.0117188,5.321729249265497
1350,2019,9.555989,11.764511680697996
1351,2019,13.7838545,12.986001769023828
1352,2019,15.017578,16.684353033991936
1353,2019,12.394531,15.235791448461391
1354,2019,4.5052085,10.837716561821434
1355,2019,11.379558,11.040634146117082
1356,2019,19.023438,19.084804393423358
1357,2019,14.7942705,18.528157258348045
1358,2019,16.452475,17.97522709060886
1359,2019,0.6998698,5.998396286357216
1360,2019,0.24479167,1.6827467883086373
1361,2019,1.1542969,4.150829131239223
1362,2019,3.2923176,5.354720060036368
1363,2019,0.057291668,0.19197894842953236
1364,2019,0.28515625,1.4390875158517349
1365,2019,1.1829427,2.519481758697627
1366,2019,0.96875,3.946297132551221
1367,2019,3.639323,4.20309002249185
1368,2019,7.530599,9.006135586980031
1369,2019,11.3932295,11.096953602043143
1370,2019,12.055989,14.305171883392097
1371,2019,12.660156,16.163281587741864
1372,2019,11.2109375,16.306748533365816
1373,2019,1.8085938,8.604692597365357
1374,2019,6.2721353,13.771792865514286
1375,2019,11.108073,16.864498089083884
1376,2019,12.644531,18.561483976976387
1377,2019,14.189453,18.94048143484207
1378,2019,15.050781,23.152824190485504
1379,2019,13.895833,18.59087848816304
1380,2019,18.138672,20.543112611187183
1381,2019,14.744792,16.940469011800772
1382,2019,9.730469,13.010864898754969
1383,2019,1.1126302,4.954427995282536
1384,2019,1.0729166,4.477382188753944
1385,2019,6.0429688,11.010588979810846
1386,2019,12.9973955,17.105025170872505
1387,2019,15.9140625,21.09398504586255
1388,2019,17.226562,21.66476521044123
1389,2019,18.446615,21.33255147530216
1390,2019,19.88151,23.219531863407287
1391,2019,27.91211,26.390060245486424
1392,2019,26.700521,32.34317014788812
1393,2019,25.075521,30.021514258466336
1394,2019,15.04362,24.98397966448742
1395,2019,7.249349,16.223076450798956
1396,2019,3.470052,5.5836945006929355
1397,2019,0.00716146,0.9484563961671264
1398,2019,0.5449219,2.060571435271599
1399,2019,2.2278645,4.465924656343369
1400,2019,0.069010414,2.300506690173876
1401,2019,0.06966146,1.1857309249975911
1402,2019,0.52213544,4.06431754651797
1403,2019,2.0839844,5.863531659935088
1404,2019,6.469401,8.978438479432386
1405,2019,10.413411,13.595211590321748
1406,2019,11.692058,16.10689497943648
1407,2019,11.748047,17.16380709616087
1408,2019,11.815755,18.124061039562147
1409,2019,12.6276045,16.96521345177064
1410,2019,13.5026045,19.13851650410942
1411,2019,13.556641,21.228406399623477
1412,2019,15.445964,21.489996273299717
1413,2019,18.461588,26.76770548982741
1414,2019,20.621094,24.420087020056172
1415,2019,19.60612,25.767689022482205
1416,2019,13.374349,23.696086866979353
1417,2019,13.963542,16.630575971159356
1418,2019,17.171225,21.562379898899245
1419,2019,16.021484,23.164110135555656
1420,2019,16.49935,26.627604784245996
1421,2019,19.48112,27.783403023934145
1422,2019,20.190104,27.687735096228334
1423,2019,25.223959,27.826332759770136
1424,2019,24.51237,23.96206435058715
1425,2019,25.10612,26.159867362101807
1426,2019,17.261068,18.33690083381068
1427,2019,24.13737,24.99930053093232
1428,2019,33.87956,32.230028247071594
1429,2019,30.758463,26.20877373976382
1430,2019,20.839193,20.762957523145896
1431,2019,0.5625,3.6604538392462644
1432,2019,3.2167969,5.325700414899476
1433,2019,11.899739,12.284285044663124
1434,2019,15.310547,11.126566590806414
1435,2019,14.7213545,10.24800320807713
1436,2019,15.279297,6.857882683994487
1437,2019,14.639974,6.8008243625221505
1438,2019,0.6699219,3.8643949680831344
1439,2019,4.113932,5.2369248139922915
1440,2019,10.442058,11.854127775729213
1441,2019,18.411459,15.423040994674404
1442,2019,17.257162,15.32587680273945
1443,2019,20.925781,15.877698120464082
1444,2019,21.96875,21.085449151781408
1445,2019,24.067057,10.84843966683495
1446,2019,0.001302085,0.23936272216934706
1447,2019,0.0703125,0.9081977021772245
1448,2019,0.36914062,1.2018085119157278
1449,2019,0.26171875,0.6801041252959042
1450,2019,1.5970052,1.9904411788383263
1451,2019,5.002604,2.5721718543969523
1452,2019,1.5709635,1.9614195090158462
1453,2019,5.4166665,3.3550570494911067
1454,2019,8.977864,7.205775133191849
1455,2019,10.480469,7.205170798337953
1456,2019,11.787109,7.999088090144321
1457,2019,11.1953125,7.369400580259888
1458,2019,8.783203,2.8702116260134956
1459,2019,8.455078,0.6804982395558496
1460,2019,2.6555989,1.138377804294933
1461,2019,4.7552085,1.1212575384714336
1462,2019,6.6477866,2.0591684396227996
1463,2019,7.176432,3.062015786902774
1464,2019,8.919922,5.537853772640407
1465,2019,10.541016,6.4281611463021155
1466,2019,6.908854,5.438865657095078
1467,2019,4.3183594,4.424999540750355
1468,2019,7.3333335,4.557359006864893
1469,2019,8.451172,6.84229911435224
1470,2019,9.029948,6.898614309023132
1471,2019,9.503255,6.550676407570945
1472,2020,5.3164062,6.500002841320076
1473,2020,3.5390625,4.097822046201685
1474,2020,3.5032551,1.128530376833386
1475,2020,0.091145836,-0.2857928915511369
1476,2020,0.002604169,0.056084218485076574
1477,2020,0.3125,1.2210506602888762
1478,2020,0.006510418,0.42901285828825
1479,2020,0.15885417,0.7443024113844596
1480,2020,0.64453125,1.5135609831001624
1481,2020,2.0970051,4.084569295736632
1482,2020,6.6035156,8.117581114108638
1483,2020,12.171224,12.248322659296015
1484,2020,10.285808,11.024993381272616
1485,2020,9.246094,12.202789822244887
1486,2020,16.460938,16.501922468100194
1487,2020,16.333334,19.21493544161551
1488,2020,14.565755,16.26192416528153
1489,2020,16.920572,17.801777744166024
1490,2020,16.839844,16.3644180268302
1491,2020,24.207682,22.965291699621165
1492,2020,19.536459,23.49878758233308
1493,2020,0.06315104,2.2317931341672352
1494,2020,0.040364582,0.6011809097595394
1495,2020,0.09700521,0.6615425628882324
1496,2020,1.3763021,4.704101974246774
1497,2020,0.46809897,0.5117374567453759
1498,2020,0.18815105,0.3853194580938792
1499,2020,0.1529948,0.20946779669101911
1500,2020,0.001953127,-0.10576053076300337
1501,2020,0.17773438,0.009761798723045103
1502,2020,0.8535156,0.4788676101905923
1503,2020,1.2415365,0.40966873365443157
1504,2020,0.07096354,0.2982052420386855
1505,2020,0.18880208,0.6934401504573405
1506,2020,0.5963542,1.0171382396335267
1507,2020,2.7916667,3.62966102463048
1508,2020,9.824219,9.62324054172115
1509,2020,10.998047,10.405190374728672
1510,2020,11.109375,9.816496680516055
1511,2020,10.131511,8.611506215988186
1512,2020,9.985677,8.88946603926587
1513,2020,6.348307,2.428489812836427
1514,2020,2.9459636,1.8463406504850046
1515,2020,1.8710938,0.6955231341478518
1516,2020,1.3997396,1.787730831029561
1517,2020,0.017578127,0.5564459627826915
1518,2020,0.1529948,0.3306342345729391
1519,2020,1.0611979,3.5615178882807896
1520,2020,2.4173176,0.9285143843154666
1521,2020,1.1490885,0.645514680450955
1522,2020,0.56901044,0.07792599583085763
1523,2020,1.2792969,1.4969760813946191
1524,2020,2.8704426,1.159093364415017
1525,2020,3.6145833,1.817991690409452
1526,2020,0.39778647,2.1079475465086146
1527,2020,0.5579427,2.201401312505371
1528,2020,2.8834636,3.530729047488927
1529,2020,5.981771,6.9812765350747705
1530,2020,7.434896,10.466218932790785
1531,2020,9.560547,8.59459892536129
1532,2020,11.389323,12.546653398767619
1533,2020,12.595703,12.853707748223798
1534,2020,13.7265625,13.496543833083681
1535,2020,13.931641,13.889954148110624
1536,2020,13.2942705,15.861699389323078
1537,2020,12.9348955,15.156683578137914
1538,2020,14.34375,16.207150665404647
1539,2020,15.492839,16.744452993468293
1540,2020,5.4602866,9.71984872099612
1541,2020,2.8528645,6.954587648381451
1542,2020,10.722005,10.9698577205528
1543,2020,15.993489,14.371293558936639
1544,2020,17.49935,14.95503477207247
1545,2020,18.62565,14.067985012932878
1546,2020,1.9095052,6.837499853839926
1547,2020,5.2486978,9.976105110649431
1548,2020,5.440104,6.705941488521918
1549,2020,2.8463542,5.896033346162405
1550,2020,8.621094,13.160790315919543
1551,2020,12.970052,18.96544013761849
1552,2020,14.784505,14.802959338991835
1553,2020,11.2578125,19.924757753137396
1554,2020,18.190756,17.905636797269352
1555,2020,22.666666,23.24733984629861
1556,2020,24.360678,24.38981237672227
1557,2020,23.977213,27.329440994004724
1558,2020,22.439453,25.840369667962545
1559,2020,23.884115,27.174612244990346
1560,2020,26.539062,29.451829504966213
1561,2020,27.332031,31.652969246173587
1562,2020,26.52474,28.013717396289117
1563,2020,27.03125,29.027979334591187
1564,2020,29.434244,28.72136266238256
1565,2020,17.639975,25.67957827485671
1566,2020,27.089844,26.94425354583775
1567,2020,32.141926,30.812675503318264
1568,2020,31.66862,30.411529389371374
1569,2020,32.79948,34.92873117018444
1570,2020,37.927082,34.22455896410244
1571,2020,45.297527,34.29174189010419
1572,2020,46.829426,33.723389431144376
1573,2020,31.373047,25.084672573526465
1574,2020,31.147787,27.248576046697146
1575,2020,36.26953,32.84682201467671
1576,2020,40.53841,33.24570940294408
1577,2020,34.714844,25.17524979133346
1578,2020,33.744793,30.188756566531676
1579,2020,38.548176,29.132137804709828
1580,2020,36.54948,30.319409511639183
1581,2020,37.928387,32.87018101285052
1582,2020,37.60742,32.20124605513994
1583,2020,26.102865,27.98408816672801
1584,2020,9.037761,10.483924471870868
1585,2020,9.593099,13.411434669954614
1586,2020,7.1510415,10.238642353214354
1587,2020,22.676432,25.119618350943153
1588,2020,28.854818,29.256899582000703
1589,2020,29.636719,25.48169530092781
1590,2020,30.901041,28.25957641270787
1591,2020,34.05078,32.07073694286162
1592,2020,40.44336,34.56498675801576
1593,2020,42.9362,32.98679584731248
1594,2020,40.173176,34.96798019391841
1595,2020,39.73177,35.77302816606223
1596,2020,39.48047,36.19377787055162
1597,2020,37.630207,36.476529694263
1598,2020,36.591797,37.63329099583826
1599,2020,4.082682,17.919966054824513
1600,2020,2.78125,4.9346290435428815
1601,2020,9.11263,12.503600014787647
1602,2020,17.34375,16.953597576603322
1603,2020,21.490234,18.223883092902625
1604,2020,23.789713,22.939599768691846
1605,2020,24.095053,22.112860076261367
1606,2020,27.11263,21.503643748017527
1607,2020,24.22461,20.980634237713918
1608,2020,27.235678,21.201858751863025
1609,2020,38.654297,27.387470978368928
1610,2020,36.33008,30.68698099402171
1611,2020,34.47331,34.094088167652146
1612,2020,27.239584,24.018710496983086
1613,2020,23.557291,17.138387821478965
1614,2020,25.089193,20.444169917888615
1615,2020,27.498047,19.486744474843498
1616,2020,27.614584,25.789427518518018
1617,2020,26.833334,22.67562260183231
1618,2020,29.845053,22.858216421460188
1619,2020,29.578125,11.882468100209232
1620,2020,36.803387,24.813379383139104
1621,2020,34.5,29.24432328140321
1622,2020,33.490887,27.612613756889168
1623,2020,39.86328,29.67695646530183
1624,2020,3.3079426,10.365654113348297
1625,2020,4.9589844,4.5477038651096455
1626,2020,14.1875,6.882960332074105
1627,2020,22.110025,12.500191427077477
1628,2020,27.904947,19.71542343693383
1629,2020,31.636719,25.13099620298257
1630,2020,33.70638,30.211444602493025
1631,2020,34.28776,26.57293948311819
1632,2020,38.67448,29.81415149791847
1633,2020,11.582031,12.52978042902535
1634,2020,0.33007812,2.1359478573240698
1635,2020,3.6959636,3.992988934220432
1636,2020,13.3932295,5.861748309241001
1637,2020,26.807291,13.95666091191095
1638,2020,17.740234,12.164713212187529
1639,2020,17.49414,10.144043004506733
1640,2020,21.65625,13.705991670418749
1641,2020,34.66341,22.721302830271227
1642,2020,20.18164,11.290891928459239
1643,2020,0.016927084,2.7194156396198426
1644,2020,0.50065106,4.138039067553699
1645,2020,2.0345051,7.13485124193206
1646,2020,6.46875,7.271819131980974
1647,2020,10.631511,9.725968938874763
1648,2020,16.915365,14.750403862381335
1649,2020,20.845703,14.618703857292562
1650,2020,24.839193,20.679986339705966
1651,2020,17.620443,8.771915002098183
1652,2020,18.788412,11.953330191544591
1653,2020,19.641928,10.29976475069143
1654,2020,4.826172,3.9657150255035654
1655,2020,0.5449219,1.2619158221067284
1656,2021,7.938151,8.4669428661579
1657,2021,9.727864,5.506577058780062
1658,2021,12.564453,10.197304707874071
1659,2021,6.559896,1.244988279148447
1660,2021,9.123698,3.948747386699594
1661,2021,7.7753906,3.3302963578515006
1662,2021,9.240234,7.216643436807681
1663,2021,16.302084,9.650030127932386
1664,2021,0.5625,0.6974101236864871
1665,2021,2.2233074,2.1718497349937267
1666,2021,7.031901,4.034250094302369
1667,2021,9.645183,7.11342313062576
1668,2021,13.093099,15.897961060980387
1669,2021,14.526042,16.553185549669397
1670,2021,15.546875,18.05339944201239
1671,2021,13.1536455,13.258447827864275
1672,2021,7.4166665,4.018998691797763
1673,2021,10.21875,9.191799848378539
1674,2021,9.916667,8.40087969741497
1675,2021,22.785156,13.723254077464713
1676,2021,14.795573,11.236994475202566
1677,2021,0.002604169,0.3004500547179904
1678,2021,0.58203125,1.2816515354956897
1679,2021,4.5364585,5.273713370914292
1680,2021,8.619141,9.875405357410886
1681,2021,11.240234,12.883169856616965
1682,2021,12.0651045,15.196594209168488
1683,2021,12.82487,8.286796555198645
1684,2021,0.07356771,1.0823535481479925
1685,2021,0.39388022,0.5980040460074713
1686,2021,0.012369794,0.5787444736582491
1687,2021,0.09375,1.312053093747195
1688,2021,0.040364582,0.5566309114032455
1689,2021,0.1920573,0.23884669342571527
1690,2021,0.13085938,0.6047795443524485
1691,2021,0.21223958,0.8773930961788036
1692,2021,1.1744791,2.753374997214935
1693,2021,5.0820312,7.455775993569203
1694,2021,2.7942708,6.623254798264256
1695,2021,4.482422,12.111452892376404
1696,2021,6.1471353,12.311419117695118
1697,2021,7.219401,12.753178188992543
1698,2021,4.2623696,3.533726144770287
1699,2021,5.765625,6.063622671042994
1700,2021,1.8619791,1.6051693746170748
1701,2021,0.054036457,0.14612964357855143
1702,2021,0.46809897,2.759643370504617
1703,2021,0.09765625,2.4338768171009737
1704,2021,1.1464844,4.956222834522587
1705,2021,2.3815105,7.261182312962841
1706,2021,1.1080729,9.468918749996583
1707,2021,1.6640625,4.1356240234956125
1708,2021,2.6445312,6.0327689928507064
1709,2021,4.700521,8.17944373912513
1710,2021,5.6184897,5.6995045042091865
1711,2021,7.7285156,7.66247923296682
1712,2021,0.50390625,2.5096475729075527
1713,2021,2.5416667,3.8618603213814273
1714,2021,2.8313801,4.855237817261412
1715,2021,5.7773438,6.131631987878946
1716,2021,11.172526,12.86782695811569
1717,2021,14.448567,14.244279482340334
1718,2021,18.36263,14.429856129386227
1719,2021,8.248698,9.619059403082117
1720,2021,0.000651043,-1.2577102659457886
1721,2021,0.65559894,0.05534923288618392
1722,2021,1.6777344,1.0204897431237205
1723,2021,0.54036456,0.988409549810673
1724,2021,0.07486979,0.37018632473348195
1725,2021,0.44075522,1.8593142686433897
1726,2021,2.376302,4.881343899710613
1727,2021,2.8085938,3.417947635059175
1728,2021,2.8040364,7.985903077095008
1729,2021,5.4720054,8.078138648033212
1730,2021,6.1686196,6.42679181334894
1731,2021,8.878906,9.243173888788236
1732,2021,10.589192,13.557222264795994
1733,2021,12.7369795,13.866790300850303
1734,2021,14.914714,15.287559892971208
1735,2021,14.722656,15.273009162580944
1736,2021,15.902344,13.394371808444284
1737,2021,17.883463,15.956546952042777
1738,2021,2.1985676,2.545164419123324
1739,2021,0.7317708,2.6901081478110394
1740,2021,3.9967449,5.02420603127819
1741,2021,12.652995,12.57733116960028
1742,2021,4.9739585,2.989893666164476
1743,2021,2.7460938,6.254107820496426
1744,2021,10.522136,9.287239296955185
1745,2021,16.960938,15.182786823649634
1746,2021,19.4056,16.68576389556085
1747,2021,21.854166,18.847396033153203
1748,2021,25.335287,21.017323449022257
1749,2021,21.913412,26.215615777711264
1750,2021,26.029297,27.308083653079958
1751,2021,28.375,27.940833135847154
1752,2021,27.859375,22.46541418443268
1753,2021,33.502605,32.57020827136085
1754,2021,3.5403645,9.94079317145547
1755,2021,0.76497394,0.13879721410285245
1756,2021,1.186849,3.600277814072776
1757,2021,5.8658853,9.737055159644356
1758,2021,0.7213542,0.5557490243574142
1759,2021,0.8873698,1.0434473902302384
1760,2021,1.6490885,1.7901020849137936
1761,2021,5.0117188,6.044053145407048
1762,2021,8.489583,9.803923643162197
1763,2021,10.162761,13.426333190958214
1764,2021,12.998698,17.129331487100156
1765,2021,14.186198,16.435407631214186
1766,2021,14.2421875,16.588285704947516
1767,2021,1.641276,1.885929205645133
1768,2021,7.4563804,8.111090399706082
1769,2021,11.416667,12.767052293716688
1770,2021,14.848958,18.268803142871786
1771,2021,15.516927,19.426743973050137
1772,2021,17.747396,19.090021177224298
1773,2021,16.404947,21.506356469608555
1774,2021,22.169271,27.978025403040995
1775,2021,23.257162,29.120573740967156
1776,2021,20.166666,31.75489306477736
1777,2021,21.143229,27.57036429505012
1778,2021,19.52539,22.36472140283244
1779,2021,11.904948,16.145693434257353
1780,2021,2.8971355,2.1045750518561563
1781,2021,0.51432294,0.660109369520613
1782,2021,3.5872395,3.0732050872975645
1783,2021,9.865886,7.142332694289983
1784,2021,17.342447,13.562020673784035
1785,2021,18.96875,14.727934580218607
1786,2021,20.223959,17.243651749221726
1787,2021,19.638021,20.964890193699507
1788,2021,13.968099,16.58999337267402
1789,2021,2.8841145,3.761207371399726
1790,2021,5.9296875,12.633006850575992
1791,2021,9.871094,14.303160564274396
1792,2021,12.3411455,14.350779374520187
1793,2021,5.015625,4.725031785797494
1794,2021,0.20833333,2.4142167513911406
1795,2021,1.2167969,2.739556510960116
1796,2021,8.463542,11.848414479131945
1797,2021,1.7740885,3.0166718884205466
1798,2021,2.7623699,3.698551662404032
1799,2021,0.9121094,0.7813146372232395
1800,2021,0.004557293,-0.007863446697996665
1801,2021,0.001302085,-0.24576769691219047
1802,2021,0.021484377,-0.33573430359231177
1803,2021,0.25325522,0.6122983430389513
1804,2021,0.78841144,1.5740368856414735
1805,2021,2.0084636,3.295211210967487
1806,2021,2.686198,4.748882104355914
1807,2021,2.5631511,6.573529152349466
1808,2021,3.625,4.91664399119642
1809,2021,3.1510417,3.080622228699987
1810,2021,4.6640625,4.552994529249676
1811,2021,4.4075522,3.456975858702709
1812,2021,2.28125,1.8603126087530055
1813,2021,1.0247396,1.8199273214114529
1814,2021,0.5253906,0.3913124498130007
1815,2021,1.4641927,2.634543996893099
1816,2021,3.5026042,5.285301695415303
1817,2021,5.729818,7.764721638427945
1818,2021,5.9472656,7.923406700520854
1819,2021,6.3606772,7.7672814109121076
1820,2021,10.67513,10.758450734160487
1821,2021,5.453776,9.597386358577687
1822,2021,3.438802,7.69820159597208
1823,2021,5.951172,9.500832996327654
1824,2021,8.301433,7.573244069613437
1825,2021,0.10091146,0.7619666420959631
1826,2021,1.76e-09,-0.0923570520177219
1827,2021,0.007812501,-0.2296361552583912
1828,2021,0.23307292,0.8883426235484118
1829,2021,0.81119794,2.7470433382630146
1830,2021,3.4466145,3.4392256150692364
1831,2021,5.408203,6.274850024625187
1832,2021,3.9342449,6.869194007655692
1833,2021,0.08658854,1.515340258264825
1834,2021,0.5032552,2.2068824822099593
1835,2021,1.4622396,2.94359816210059
1836,2021,2.5182292,3.773089745724485
1837,2021,3.6692708,5.830897192875333
1838,2021,4.3782554,5.911225760065677
1839,2021,5.5859375,7.353985267976941
1840,2022,0.005208335,2.303099768455636
1841,2022,0.53515625,3.603577560422879
1842,2022,0.50911456,2.0099139422136765
1843,2022,0.0234375,0.4004603369062245
1844,2022,0.12434896,0.050474738987768115
1845,2022,0.002604169,0.148895993691222
1846,2022,0.043619793,0.6104081647231053
1847,2022,0.35221353,1.7089824083277965
1848,2022,1.0299479,3.757045122052333
1849,2022,3.0664062,5.431673467154059
1850,2022,5.453776,8.16109255127695
1851,2022,6.5078125,7.758025654505161
1852,2022,8.691406,15.144272765772094
1853,2022,12.285156,15.156154775013123
1854,2022,12.796224,15.073188815027668
1855,2022,11.6432295,7.11352911955511
1856,2022,12.697917,12.097229091972602
1857,2022,19.778646,21.492697180858737
1858,2022,0.43229166,6.3124099540831375
1859,2022,0.796875,6.118866130531312
1860,2022,4.2825522,13.790540689185363
1861,2022,11.328125,22.51227216364761
1862,2022,4.6184897,5.459206366636937
1863,2022,0.48697916,3.995914543175987
1864,2022,3.1692708,11.448393927552528
1865,2022,8.019531,14.832514748323527
1866,2022,5.910807,12.09095081036953
1867,2022,10.080078,18.6767929591712
1868,2022,14.011067,20.304613826093583
1869,2022,19.427734,26.516569384797567
1870,2022,10.556641,19.57927700231037
1871,2022,12.147786,21.20064411207198
1872,2022,14.208984,21.06239965638766
1873,2022,14.6953125,23.4915928540781
1874,2022,15.320964,22.004037435046936
1875,2022,15.489583,21.07174092503123
1876,2022,13.769531,23.757893334855886
1877,2022,4.2278647,8.192016732599377
1878,2022,1.8763021,5.110138633189469
1879,2022,3.8938801,4.358017930209097
1880,2022,8.090495,5.293355958563118
1881,2022,3.5735676,1.3211505561915025
1882,2022,0.2141927,0.9350241176551014
1883,2022,0.14713542,1.4568152646442802
1884,2022,0.7083333,2.237546076093
1885,2022,1.7167969,2.716136003227596
1886,2022,2.1139324,2.6837020939438077
1887,2022,4.328776,3.5327193370450183
1888,2022,4.189453,4.631017720256072
1889,2022,0.19270833,1.400638945017653
1890,2022,1.6536459,4.854002879035844
1891,2022,0.15234375,0.898654704162187
1892,2022,0.8072917,1.2288038432023978
1893,2022,1.0533854,4.524217206500162
1894,2022,0.34375,2.4180666049318624
1895,2022,0.033854168,0.2694817985075462
1896,2022,0.001953127,-0.1309929846541529
1897,2022,1.76e-09,-0.10882222356411182
1898,2022,0.009114585,-0.05688058305580932
1899,2022,0.052083332,0.44786597621987384
1900,2022,0.26106772,0.7000582298190808
1901,2022,0.578125,0.7463448504452133
1902,2022,2.0917969,2.077841941510101
1903,2022,5.403646,4.480474094085776
1904,2022,7.4205728,8.435761537615171
1905,2022,8.571614,12.674350829332806
1906,2022,8.850261,14.791496027051673
1907,2022,8.119141,13.970613985856335
1908,2022,9.259114,11.831812288382125
1909,2022,9.223958,11.388331608778342
1910,2022,0.040364582,0.9248889034075212
1911,2022,0.091796875,1.1280982734246503
1912,2022,0.5677083,2.694552525248453
1913,2022,1.46875,0.8292157492172161
1914,2022,1.9283854,0.6367655397069053
1915,2022,3.7949219,4.419476684748302
1916,2022,5.7604165,3.500916034032793
1917,2022,7.5729165,5.280716356294748
1918,2022,6.705078,6.810809495409932
1919,2022,7.3229165,3.799145571472753
1920,2022,10.287761,8.280807874119683
1921,2022,10.4453125,10.802121517375712
1922,2022,11.024739,15.203935337324962
1923,2022,12.21875,16.31724242319141
1924,2022,13.467448,15.85563669228864
1925,2022,14.3151045,17.038641816137314
1926,2022,15.274739,16.425892144513348
1927,2022,17.99414,18.084946474749444
1928,2022,17.709635,18.6597197456792
1929,2022,20.359375,18.27001216313525
1930,2022,20.507812,18.91659653610881
1931,2022,21.721354,24.287628583766516
1932,2022,11.5234375,17.482160761339077
1933,2022,13.371094,16.506024177168857
1934,2022,15.440755,19.664596924713358
1935,2022,16.921225,20.267434371654538
1936,2022,12.255208,9.55631962235251
1937,2022,15.847005,17.900917397197283
1938,2022,18.589193,16.302832312431665
1939,2022,21.776693,19.83445424867335
1940,2022,22.679688,21.773326532768156
1941,2022,19.722656,20.739483380659326
1942,2022,13.348958,21.882731796176664
1943,2022,8.944011,17.226889543139013
1944,2022,14.788411,23.29539254168294
1945,2022,18.016275,18.84032752449986
1946,2022,6.5533853,2.3336737710081783
1947,2022,5.2102866,4.75823351588604
1948,2022,17.585287,12.838005714092752
1949,2022,19.815104,17.854715659655604
1950,2022,13.311849,14.848813012766893
1951,2022,6.4101562,6.243643517266863
1952,2022,14.527344,20.345670690189937
1953,2022,17.7181,21.2401793945288
1954,2022,18.484375,29.108904198578948
1955,2022,25.039713,31.899727244339243
1956,2022,18.091146,18.927434299429418
1957,2022,18.235025,19.394951886722023
1958,2022,15.520183,15.557905749456818
1959,2022,17.247396,8.571000201172302
1960,2022,21.360678,13.96623022299009
1961,2022,25.68685,22.628348724185596
1962,2022,19.43815,22.09516797707422
1963,2022,12.751953,18.440950799122085
1964,2022,14.490886,19.954167438671263
1965,2022,15.7109375,22.935236077644323
1966,2022,2.9772136,5.046376972066767
1967,2022,3.6308594,3.4242756400297343
1968,2022,3.6347656,2.550681856271826
1969,2022,13.770183,10.394982637639504
1970,2022,16.389322,18.342542648441256
1971,2022,21.49935,25.15465791892757
1972,2022,22.838541,26.732611773194666
1973,2022,26.348959,29.47646089987933
1974,2022,14.462891,9.144479097970825
1975,2022,1.1451823,2.8008646862130036
1976,2022,2.3255208,2.8322647436479382
1977,2022,14.349609,14.418867120716639
1978,2022,23.591146,22.150827739277094
1979,2022,22.12565,19.849011004527014
1980,2022,26.697916,21.59033714763593
1981,2022,8.650391,15.203280039855493
1982,2022,11.7421875,16.104979571316758
1983,2022,6.013672,14.009657708785404
1984,2022,0.18619792,4.904293569089235
1985,2022,0.11002604,0.7879179802544984
1986,2022,0.99934894,1.6529773163436954
1987,2022,2.6464844,3.1361017118425427
1988,2022,10.516927,12.790237862457456
1989,2022,17.669922,20.426858184792003
1990,2022,17.901041,17.59494407459202
1991,2022,1.1106771,4.193726868358898
1992,2022,7.595703,12.314426773644287
1993,2022,11.965495,13.624423768655374
1994,2022,15.2630205,15.342828875918315
1995,2022,0.20182292,2.479381585611422
1996,2022,0.63346356,4.795529290916158
1997,2022,0.057942707,3.231023034405462
1998,2022,0.54752606,3.1566770585319945
1999,2022,0.7317708,4.315872070458596
2000,2022,0.001302085,1.6629787519144406
2001,2022,1.82e-09,-0.14117886029922047
2002,2022,0.034505207,0.043438236743639926
2003,2022,0.29882812,1.1893078249730042
2004,2022,0.6985677,1.6930692231971525
2005,2022,1.0032552,2.928783358767756
2006,2022,1.84375,4.400719593630801
2007,2022,3.3209636,7.057643163009767
2008,2022,0.19466145,2.7191545808225315
2009,2022,0.083984375,-0.08924270188638808
2010,2022,0.40625,1.5630708222187317
2011,2022,0.640625,2.8192657525202827
2012,2022,0.47460938,2.2519598250271198
2013,2022,0.2063802,1.0006360528261615
2014,2022,0.54817706,1.999382932051936
2015,2022,2.796875,3.269839208432727
2016,2022,3.6699219,4.2083526470240535
2017,2022,4.4023438,5.8810588179809065
2018,2022,7.4309897,6.143823135296885
2019,2022,5.6022134,3.5818697118870912
2020,2022,5.604818,3.9637640388764486
2021,2022,5.986979,5.762241346208173
2022,2022,6.0768228,7.551643998337266
2023,2022,3.5976562,8.299947890669525
2024,2023,0.34179688,4.7429904885933585
2025,2023,0.85221356,4.976517280917471
2026,2023,3.2226562,4.894544060909379
2027,2023,3.2786458,5.7994191963758315
2028,2023,2.3971355,4.887979979166623
2029,2023,1.0690104,1.7191956042047438
2030,2023,0.62109375,0.24532390474237434
2031,2023,0.35351562,0.9245966709164866
2032,2023,0.5657552,1.9229279224685039
2033,2023,0.82161456,0.18670212321163776
2034,2023,1.1627604,0.18976112271858023
2035,2023,1.7161459,0.10545768503529296
2036,2023,1.9648438,0.9989392777736203
2037,2023,3.563802,1.1211651787345944
2038,2023,5.7402344,4.611926077517434
2039,2023,7.057943,7.151336081930378
2040,2023,7.8821616,7.825187437664205
2041,2023,2.2819011,3.5014189851758686
2042,2023,0.06966146,0.43085934610559035
2043,2023,0.45247397,0.2532917119767047
2044,2023,1.3209635,1.2211743157597783
2045,2023,1.5097656,1.037455168307796
2046,2023,1.9895834,0.8120543905034873
2047,2023,0.8248698,0.797724283206087
2048,2023,0.8235677,1.3226975795537148
2049,2023,1.186849,0.9748139991021756
2050,2023,2.2584636,2.2218597466456003
2051,2023,2.4765625,2.219277694703622
2052,2023,1.156901,1.8103874953987589
2053,2023,0.46679688,0.7224926380421869
2054,2023,0.5605469,0.4743163401919183
2055,2023,1.3697916,1.4540472320949764
2056,2023,3.0911458,2.828315899838487
2057,2023,2.921875,2.3117802379936863
2058,2023,1.8e-09,0.04324787791592747
2059,2023,0.039713543,0.11293804469683305
2060,2023,0.6191406,0.8408882755638787
2061,2023,1.5429688,2.3583559035671824
2062,2023,3.9407551,3.2165866757665644
2063,2023,4.5904946,4.632034489773754
2064,2023,5.1165366,3.8522921890901225
2065,2023,6.8990884,4.699506882667711
2066,2023,5.0611978,5.426630169541931
2067,2023,0.390625,2.410632760071722
2068,2023,0.57096356,3.615015467851613
2069,2023,1.1074219,3.8709380879632755
2070,2023,4.2018228,6.357373422745831
2071,2023,6.1666665,5.81093945750458
2072,2023,0.056640625,2.3457400737774283
2073,2023,0.26822916,1.537176858694656
2074,2023,0.000651044,0.2150021088068852
2075,2023,0.029947916,0.9404232409822117
2076,2023,0.32747397,2.217761403921529
2077,2023,1.796875,5.978766034386772
2078,2023,5.4498696,9.404086908851905
2079,2023,6.9700522,11.80965127508895
2080,2023,7.223307,9.634493080510603
2081,2023,3.9179688,3.041195798292389
2082,2023,2.201823,4.796788624039566
2083,2023,4.7154946,7.1767386323163675
2084,2023,0.5338542,2.854475746046306
2085,2023,2.5930989,10.00918826559328
2086,2023,6.3580728,12.260605593354978
2087,2023,9.650391,12.583557539401168
2088,2023,10.1067705,11.299552327307522
2089,2023,10.0286455,11.506110494655124
2090,2023,11.635417,14.911970129085118
2091,2023,12.026692,14.521238211533362
2092,2023,1.4042969,4.677179101412036
2093,2023,0.00325521,-1.4188135456737232
2094,2023,0.072265625,0.19973030800233302
2095,2023,0.6302083,1.397711124795445
2096,2023,3.0774739,4.501318280439796
2097,2023,5.7246094,10.442517337866903
2098,2023,8.286458,11.220569316566584
2099,2023,10.324219,12.705325477781669
2100,2023,10.078776,12.424356030866035
2101,2023,9.758464,13.141670565147447
2102,2023,11.235677,14.120339967916852
2103,2023,11.613933,14.570922690720831
2104,2023,12.6432295,16.187265003033875
2105,2023,12.989583,17.18228774542902
2106,2023,14.016276,16.143698997865563
2107,2023,14.177734,20.16523037681063
2108,2023,2.7063801,5.158351588247719
2109,2023,8.302083,14.17320390068915
2110,2023,17.225912,22.734705960510986
2111,2023,19.179037,22.583066052423035
2112,2023,0.81966144,4.111324447247034
2113,2023,4.604818,9.261098633892507
2114,2023,8.306641,12.653692645895072
2115,2023,11.095703,14.311434537081517
2116,2023,11.632161,15.806583617578964
2117,2023,12.885417,16.953870483873885
2118,2023,18.86914,23.351942483269475
2119,2023,20.96289,24.503223143983952
2120,2023,21.276041,24.4061499175662
2121,2023,23.630209,25.81018324103888
2122,2023,22.894531,22.000933495566894
2123,2023,20.3125,23.111445939599427
2124,2023,11.2890625,26.217147277209673
2125,2023,8.4661455,22.60238274178386
2126,2023,0.9270833,4.5336138054473025
2127,2023,3.1881511,13.937403533615504
2128,2023,10.3619795,26.710366911706274
2129,2023,19.60026,36.38837251269989
2130,2023,22.029947,37.8981929263631
2131,2023,21.501303,39.46892977514198
2132,2023,22.391275,39.573159291963115
2133,2023,23.916016,40.44390044791313
2134,2023,25.004557,36.13160863483246
2135,2023,26.167969,41.10227452730752
2136,2023,26.067709,33.327473755481776
2137,2023,29.490885,41.26255296691176
2138,2023,31.416666,39.76396708048467
2139,2023,30.577475,35.582318276205996
2140,2023,29.160807,35.21491949145328
2141,2023,32.38672,38.42779634173517
2142,2023,31.572916,35.520702799545184
2143,2023,31.903646,33.96145045540403
2144,2023,28.83724,32.04907523398652
2145,2023,31.761068,37.56781150075193
2146,2023,33.676434,37.78926661599937
2147,2023,28.057943,33.66535191975852
2148,2023,20.128256,30.851306497019046
2149,2023,10.0651045,23.35240863744808
2150,2023,2.5585938,3.961295984225741
2151,2023,7.999349,9.368331955369266
2152,2023,12.158203,7.853143676281124
2153,2023,18.578775,12.339895511292095
2154,2023,21.36849,13.032423329809172
2155,2023,26.434896,18.17318271691943
2156,2023,25.945963,17.95600180484684
2157,2023,27.15625,25.053152893065324
2158,2023,26.43164,25.68802124155783
2159,2023,27.190756,25.795495337014287
2160,2023,27.082682,26.173342545501313
2161,2023,30.621094,25.669103616388867
2162,2023,30.496094,26.675042862899087
2163,2023,31.865234,25.1878631360373
2164,2023,30.983072,22.418396111951175
2165,2023,30.085287,24.85783343374218
2166,2023,27.22526,24.405752749557266
2167,2023,27.421875,23.374803552338875
2168,2023,28.440756,23.77692585402599
2169,2023,38.434246,26.98134634863812
2170,2023,38.601562,27.03843640750667
2171,2023,37.86914,26.1643407043296
2172,2023,38.56901,22.701901703415263
2173,2023,34.97461,25.25775086560262
2174,2023,29.720053,22.940765866684494
2175,2023,19.742188,14.126911347626484
2176,2023,6.8066406,7.188071679011961
2177,2023,1.7291666,2.1054164027033786
2178,2023,0.013671876,1.2340152175353303
2179,2023,0.1953125,1.0666732332089317
2180,2023,1.3151041,2.91267604666763
2181,2023,5.0865884,5.033412097807263
2182,2023,8.811849,5.99053102298066
2183,2023,8.545573,10.033812258183485
2184,2023,12.927083,12.422691773844061
2185,2023,0.96940106,3.1316873577653364
2186,2023,3.0716145,3.296874535589306
2187,2023,2.5989583,3.2927775550182736
2188,2023,5.096354,5.763594815268884
2189,2023,8.964844,9.89206029050568
2190,2023,10.214192,10.176649232846426
2191,2023,13.147786,13.362771054021065
2192,2023,14.536458,13.446649406061612
2193,2023,0.23046875,2.8898834674186165
2194,2023,0.001302085,-0.11828150427561177
2195,2023,0.107421875,0.07463445275147483
2196,2023,0.9042969,1.1228907410752447
2197,2023,6.9544272,4.109184331406201
2198,2023,8.960286,5.180260639012758
2199,2023,11.809245,8.692508104514904
2200,2023,12.061198,8.015564522221624
2201,2023,11.218099,10.191582144466446
2202,2023,12.797526,7.2429628027017126
2203,2023,10.716797,6.488782032330593
2204,2023,13.4192705,10.866473936412897
2205,2023,7.2382812,4.813470318034933
2206,2023,9.014974,4.950509449905885
2207,2023,11.658203,7.11382034807112
2208,2024,0.004557293,0.8681544990811744
2209,2024,0.045572918,0.3209305803184252
2210,2024,0.044921875,0.6217064417753373
2211,2024,0.079427086,0.7955176126831587
2212,2024,0.82942706,0.2098466006386536
2213,2024,1.2447916,1.7850759771390934
2214,2024,4.7083335,3.7621065549308854
2215,2024,7.0703125,6.205969136831729
2216,2024,8.119792,7.491462702841812
2217,2024,2.7695312,5.783483339739127
2218,2024,1.8033854,0.9763485219454165
2219,2024,0.5501302,0.7724258435343986
2220,2024,0.81315106,1.8087221435559622
2221,2024,0.16145833,0.08291265643587263
2222,2024,0.9375,1.9063558014307038
2223,2024,1.3066406,2.9374177806260753
2224,2024,0.60546875,3.405984480987997
2225,2024,2.5527344,5.2285611313566625
2226,2024,4.2467446,6.6226722995474026
2227,2024,5.6328125,9.129555241662453
2228,2024,5.968099,9.007470538302305
2229,2024,9.270833,11.716639529662896
2230,2024,7.479818,11.166082311224965
2231,2024,2.5722656,3.2090369654113435
2232,2024,2.8391926,5.619030232155099
2233,2024,2.251302,3.8489130227045703
2234,2024,2.9296875,3.765381984946443
2235,2024,1.9667969,4.3967049398553835
2236,2024,1.9388021,2.514893115827009
2237,2024,6.504557,0.6654765485198215
2238,2024,8.811849,4.422417420045736
2239,2024,11.117839,5.978427836996494
2240,2024,16.434896,7.046604412733516
2241,2024,17.779947,12.111828424268996
2242,2024,20.042318,12.87257473164328
2243,2024,17.054688,19.087278193109068
2244,2024,18.513021,14.240117394400174
2245,2024,15.384766,9.683949250532693
2246,2024,15.443359,4.444468316963537
2247,2024,9.145833,12.178488760838238
2248,2024,17.559896,15.04507771753287
2249,2024,24.61263,18.705657483691287
2250,2024,28.451172,18.232728516977236
2251,2024,27.86263,18.510921585815705
2252,2024,27.1556,20.58776748248401
2253,2024,0.17057292,1.492376856597318
2254,2024,1.0579427,6.035180333076583
2255,2024,6.245443,13.77263605096785
2256,2024,13.735677,17.503188768857125
2257,2024,16.182291,18.24349644175374
2258,2024,17.036459,20.71543743894029
2259,2024,20.723307,25.569370490389087
2260,2024,22.175781,26.780885642077358
2261,2024,25.188803,27.668851783244087
2262,2024,23.69336,35.91279031425113
2263,2024,25.941406,30.252311816390566
2264,2024,26.149088,27.454618924648727
2265,2024,26.335287,30.013125510821716
2266,2024,28.961588,34.75213849553545
2267,2024,33.396484,34.70284134000069
2268,2024,32.835285,30.314191799452917
2269,2024,31.389322,27.84076018610042
2270,2024,30.063803,32.80266450499845
2271,2024,35.778645,34.414376168903914
2272,2024,29.995443,27.54261770356304
2273,2024,6.466146,10.673237709121645
2274,2024,3.9101562,8.636239745397148
2275,2024,11.229817,19.585943252242657
2276,2024,20.435547,21.18949388959521
2277,2024,21.055338,24.41266835705449
2278,2024,11.852864,8.240470897397788
2279,2024,3.4759114,10.04630329203487
2280,2024,5.7825522,6.40153567503932
2281,2024,10.078125,7.802302731699352
2282,2024,16.9056,10.252220691823098
2283,2024,18.9681,15.399475515199724
2284,2024,22.829428,18.71823884564461
2285,2024,22.242838,18.344939100263733
2286,2024,21.727213,16.61376695238528
2287,2024,24.919922,22.44534332899529
2288,2024,20.985678,16.411969477632695
2289,2024,15.09375,18.49902079271615
2290,2024,27.053385,23.74922720558423
2291,2024,28.888021,23.68627051589807
2292,2024,20.5625,19.824411672313847
2293,2024,23.574219,26.06739317041813
2294,2024,1.6308594,2.109828092476646
2295,2024,0.039713543,0.6926592619689605
2296,2024,1.8059896,4.967650119349827
2297,2024,12.8046875,14.222373380384457
2298,2024,17.880209,21.262350339761333
2299,2024,13.337239,11.722003133923597
2300,2024,15.813151,17.965736464088785
2301,2024,18.272135,21.494147343342703
2302,2024,19.252604,22.13794813480217
2303,2024,25.161459,32.00875321202837
2304,2024,19.0931,24.285215832602425
2305,2024,13.520833,26.07136645637734
2306,2024,18.25651,24.423069009660566
2307,2024,15.990886,22.649973747973192
2308,2024,19.748047,23.066143749004194
2309,2024,12.198567,17.252855482371306
2310,2024,23.126303,14.553888959772499
2311,2024,26.363281,20.265045595141284
2312,2024,30.9681,26.88311871556503
2313,2024,38.183594,28.902087664798977
2314,2024,37.415363,29.124868850347166
2315,2024,38.173176,33.2622535345357
2316,2024,35.70638,32.177816324120215
2317,2024,34.88802,34.19085155342008
2318,2024,33.58724,33.39259005282625
2319,2024,29.739584,25.86451413170703
2320,2024,35.101562,29.225279358652784
2321,2024,17.77474,25.275573225759704
2322,2024,22.947916,25.48685425308969
2323,2024,19.346354,26.74804741251605
2324,2024,22.927084,25.095956899671464
2325,2024,14.6875,6.226946208926757
2326,2024,13.430989,4.736017094437958
2327,2024,21.170572,6.589189612201253
2328,2024,24.951822,16.50638201379099
2329,2024,23.089844,11.67827363138925
2330,2024,18.052734,6.011801836135337
2331,2024,15.964192,9.107078607424011
2332,2024,2.1432292,2.5928885120739675
2333,2024,4.7753906,5.949106311269433
2334,2024,13.195964,5.662605291638798
2335,2024,11.944011,11.96227930985844
2336,2024,18.41276,13.922978821499841
2337,2024,18.354818,15.801393902569066
2338,2024,13.508464,6.830022790295243
2339,2024,11.649739,5.133012458055159
2340,2024,25.300781,17.07215791269397
2341,2024,27.815756,20.38282758313181
2342,2024,8.631511,15.828324662555032
2343,2024,14.7942705,14.50773541606232
2344,2024,22.778646,18.725316025726915
2345,2024,26.107422,21.140913485051584
2346,2024,2.7994792,6.037785230333892
2347,2024,7.451172,11.61664887516517
2348,2024,13.23763,13.639552379665881
2349,2024,1.34375,4.949598370406687
2350,2024,1.9388021,11.474013165845678
2351,2024,3.6009114,6.271965559401397
2352,2024,2.0761719,4.826730809844059
2353,2024,0.088541664,0.5089087708425283
2354,2024,0.8535156,2.3487983363500393
2355,2024,4.421875,8.085619891774595
2356,2024,8.819011,10.655302156446783
2357,2024,10.339192,14.031113941594349
2358,2024,14.348308,19.005525951697955
2359,2024,17.216797,19.29318983125202
2360,2024,4.5742188,1.6120986589666075
2361,2024,0.020833336,-0.1390588863174853
2362,2024,0.001302085,-0.3451311118431196
2363,2024,0.12565105,0.46280642106303466
2364,2024,0.8717448,1.014791474009492
2365,2024,4.4023438,2.680289670318631
2366,2024,8.0911455,6.165849290687692
2367,2024,5.001953,4.591132721526371
2368,2024,0.5371094,3.6344422837839483
2369,2024,3.3242188,5.332218115920474
2370,2024,6.596354,5.2855028799500285
2371,2024,7.142578,6.191594788209847
2372,2024,7.5885415,9.081097077408822
2373,2024,0.001302085,-0.1919790011542269
2374,2024,0.11393229,0.0066864723460549206
2375,2024,0.65625,1.2242306329879709
2376,2024,2.233073,1.7051571368023446
2377,2024,0.009765627,0.2781145430003735
2378,2024,0.00325521,0.022617499562250704
2379,2024,0.017578127,0.05360275094440357
2380,2024,0.008463543,0.10341513210896262
2381,2024,0.009765626,0.04241499615376571
2382,2024,0.026692709,0.04621840946799952
2383,2024,0.25,1.071589998159413
2384,2024,0.44466147,1.6019508414386723
2385,2024,0.69401044,3.7475285985631586
2386,2024,1.9583334,3.7611990327214775
2387,2024,2.9785156,4.0416867710836595
2388,2024,3.8984375,3.750245215145265
2389,2024,4.7565103,5.032768893268474
2390,2024,3.7929688,4.246013371661184
2391,2024,1.2304688,2.4290644869715066
